{
    "MEGCoordinateSystem": "ElektaNeuromag",
    "MEGCoordinateUnits": "m",
    "MEGCoordinateSystemDescription": "RAS orientation and the origin between the ears",
    "HeadCoilCoordinates": {
        "NAS": [
            -5.3551048040390015e-09,
            0.0963488519191742,
            1.4901161193847656e-08
        ],
        "LPA": [
            -0.0696832612156868,
            2.9802322387695312e-08,
            0.0
        ],
        "RPA": [
            0.0674298107624054,
            2.9802322387695312e-08,
            -1.4901161193847656e-08
        ],
        "coil1": [
            0.054136548191308975,
            0.0687611997127533,
            0.07592622190713882
        ],
        "coil2": [
            0.06555004417896271,
            -0.06028345227241516,
            0.028371140360832214
        ],
        "coil3": [
            -0.003176479134708643,
            -0.024204283952713013,
            0.132090225815773
        ],
        "coil4": [
            -0.047794245183467865,
            0.0757172703742981,
            0.0800037607550621
        ],
        "coil5": [
            -0.07284136861562729,
            -0.043396562337875366,
            0.022432148456573486
        ]
    },
    "HeadCoilCoordinateSystem": "ElektaNeuromag",
    "HeadCoilCoordinateUnits": "m",
    "AnatomicalLandmarkCoordinates": {
        "NAS": [
            -5.3551048040390015e-09,
            0.0963488519191742,
            1.4901161193847656e-08
        ],
        "LPA": [
            -0.0696832612156868,
            2.9802322387695312e-08,
            0.0
        ],
        "RPA": [
            0.0674298107624054,
            2.9802322387695312e-08,
            -1.4901161193847656e-08
        ],
        "coil1": [
            0.054136548191308975,
            0.0687611997127533,
            0.07592622190713882
        ],
        "coil2": [
            0.06555004417896271,
            -0.06028345227241516,
            0.028371140360832214
        ],
        "coil3": [
            -0.003176479134708643,
            -0.024204283952713013,
            0.132090225815773
        ],
        "coil4": [
            -0.047794245183467865,
            0.0757172703742981,
            0.0800037607550621
        ],
        "coil5": [
            -0.07284136861562729,
            -0.043396562337875366,
            0.022432148456573486
        ]
    },
    "AnatomicalLandmarkCoordinateSystem": "ElektaNeuromag",
    "AnatomicalLandmarkCoordinateUnits": "m"
}
