{
    "MEGCoordinateSystem": "ElektaNeuromag",
    "MEGCoordinateUnits": "m",
    "MEGCoordinateSystemDescription": "RAS orientation and the origin between the ears",
    "HeadCoilCoordinates": {
        "NAS": [
            0.0,
            0.08883100748062134,
            -1.4901161193847656e-08
        ],
        "LPA": [
            -0.06760334968566895,
            2.9802322387695312e-08,
            0.0
        ],
        "RPA": [
            0.06791678071022034,
            2.9802322387695312e-08,
            0.0
        ],
        "coil1": [
            0.05133181810379028,
            0.07056664675474167,
            0.07127250730991364
        ],
        "coil2": [
            -0.04610303416848183,
            0.07315817475318909,
            0.07147229462862015
        ],
        "coil3": [
            0.0017894540214911103,
            -0.01037093997001648,
            0.1343006193637848
        ],
        "coil4": [
            0.06682438403367996,
            -0.0501401387155056,
            0.03587299957871437
        ],
        "coil5": [
            -0.06484197080135345,
            -0.04807865619659424,
            0.03506287559866905
        ]
    },
    "HeadCoilCoordinateSystem": "ElektaNeuromag",
    "HeadCoilCoordinateUnits": "m",
    "AnatomicalLandmarkCoordinates": {
        "NAS": [
            0.0,
            0.08883100748062134,
            -1.4901161193847656e-08
        ],
        "LPA": [
            -0.06760334968566895,
            2.9802322387695312e-08,
            0.0
        ],
        "RPA": [
            0.06791678071022034,
            2.9802322387695312e-08,
            0.0
        ],
        "coil1": [
            0.05133181810379028,
            0.07056664675474167,
            0.07127250730991364
        ],
        "coil2": [
            -0.04610303416848183,
            0.07315817475318909,
            0.07147229462862015
        ],
        "coil3": [
            0.0017894540214911103,
            -0.01037093997001648,
            0.1343006193637848
        ],
        "coil4": [
            0.06682438403367996,
            -0.0501401387155056,
            0.03587299957871437
        ],
        "coil5": [
            -0.06484197080135345,
            -0.04807865619659424,
            0.03506287559866905
        ]
    },
    "AnatomicalLandmarkCoordinateSystem": "ElektaNeuromag",
    "AnatomicalLandmarkCoordinateUnits": "m"
}
