{
    "MEGCoordinateSystem": "ElektaNeuromag",
    "MEGCoordinateUnits": "m",
    "MEGCoordinateSystemDescription": "RAS orientation and the origin between the ears",
    "HeadCoilCoordinates": {
        "NAS": [
            -1.210719347000122e-08,
            0.09101033210754395,
            -1.4901161193847656e-08
        ],
        "LPA": [
            -0.07083301246166229,
            5.960464477539063e-08,
            -7.450580596923828e-09
        ],
        "RPA": [
            0.07031528651714325,
            0.0,
            -7.450580596923828e-09
        ],
        "coil1": [
            0.0525895357131958,
            0.06795802712440491,
            0.08597490936517715
        ],
        "coil2": [
            -0.05021446943283081,
            0.07122117280960083,
            0.08778420835733414
        ],
        "coil3": [
            -0.0027471480425447226,
            -0.02278280258178711,
            0.14231272041797638
        ],
        "coil4": [
            0.06756982952356339,
            -0.05547308549284935,
            0.042537882924079895
        ],
        "coil5": [
            -0.07498131692409515,
            -0.05532875657081604,
            0.0428897887468338
        ]
    },
    "HeadCoilCoordinateSystem": "ElektaNeuromag",
    "HeadCoilCoordinateUnits": "m",
    "AnatomicalLandmarkCoordinates": {
        "NAS": [
            -1.210719347000122e-08,
            0.09101033210754395,
            -1.4901161193847656e-08
        ],
        "LPA": [
            -0.07083301246166229,
            5.960464477539063e-08,
            -7.450580596923828e-09
        ],
        "RPA": [
            0.07031528651714325,
            0.0,
            -7.450580596923828e-09
        ],
        "coil1": [
            0.0525895357131958,
            0.06795802712440491,
            0.08597490936517715
        ],
        "coil2": [
            -0.05021446943283081,
            0.07122117280960083,
            0.08778420835733414
        ],
        "coil3": [
            -0.0027471480425447226,
            -0.02278280258178711,
            0.14231272041797638
        ],
        "coil4": [
            0.06756982952356339,
            -0.05547308549284935,
            0.042537882924079895
        ],
        "coil5": [
            -0.07498131692409515,
            -0.05532875657081604,
            0.0428897887468338
        ]
    },
    "AnatomicalLandmarkCoordinateSystem": "ElektaNeuromag",
    "AnatomicalLandmarkCoordinateUnits": "m"
}
