{
    "MEGCoordinateSystem": "ElektaNeuromag",
    "MEGCoordinateUnits": "m",
    "MEGCoordinateSystemDescription": "RAS orientation and the origin between the ears",
    "HeadCoilCoordinates": {
        "NAS": [
            -5.587935447692871e-09,
            0.09388244152069092,
            0.0
        ],
        "LPA": [
            -0.0679042637348175,
            0.0,
            7.450580596923828e-09
        ],
        "RPA": [
            0.06903637945652008,
            2.9802322387695312e-08,
            7.450580596923828e-09
        ],
        "coil1": [
            0.05038131773471832,
            0.06728202104568481,
            0.07794056087732315
        ],
        "coil2": [
            -0.0532490611076355,
            0.06789883971214294,
            0.07591322064399719
        ],
        "coil3": [
            -0.0023294179700315,
            -0.021108388900756836,
            0.1347578912973404
        ],
        "coil4": [
            0.06785634160041809,
            -0.05437640845775604,
            0.03334565460681915
        ],
        "coil5": [
            -0.06818666309118271,
            -0.053332895040512085,
            0.02963096648454666
        ]
    },
    "HeadCoilCoordinateSystem": "ElektaNeuromag",
    "HeadCoilCoordinateUnits": "m",
    "AnatomicalLandmarkCoordinates": {
        "NAS": [
            -5.587935447692871e-09,
            0.09388244152069092,
            0.0
        ],
        "LPA": [
            -0.0679042637348175,
            0.0,
            7.450580596923828e-09
        ],
        "RPA": [
            0.06903637945652008,
            2.9802322387695312e-08,
            7.450580596923828e-09
        ],
        "coil1": [
            0.05038131773471832,
            0.06728202104568481,
            0.07794056087732315
        ],
        "coil2": [
            -0.0532490611076355,
            0.06789883971214294,
            0.07591322064399719
        ],
        "coil3": [
            -0.0023294179700315,
            -0.021108388900756836,
            0.1347578912973404
        ],
        "coil4": [
            0.06785634160041809,
            -0.05437640845775604,
            0.03334565460681915
        ],
        "coil5": [
            -0.06818666309118271,
            -0.053332895040512085,
            0.02963096648454666
        ]
    },
    "AnatomicalLandmarkCoordinateSystem": "ElektaNeuromag",
    "AnatomicalLandmarkCoordinateUnits": "m"
}
