{
    "MEGCoordinateSystem": "ElektaNeuromag",
    "MEGCoordinateUnits": "m",
    "MEGCoordinateSystemDescription": "RAS orientation and the origin between the ears",
    "HeadCoilCoordinates": {
        "NAS": [
            0.0,
            0.10152816772460938,
            -1.4901161193847656e-08
        ],
        "LPA": [
            -0.07529982924461365,
            -2.9802322387695312e-08,
            -2.9802322387695312e-08
        ],
        "RPA": [
            0.07201927900314331,
            0.0,
            -1.4901161193847656e-08
        ],
        "coil1": [
            0.01087932288646698,
            -8.416199852945283e-05,
            0.14191628992557526
        ],
        "coil2": [
            -0.07878521084785461,
            -0.04655316472053528,
            -0.0029480899684131145
        ],
        "coil3": [
            -0.0520617850124836,
            0.086331307888031,
            0.06371523439884186
        ],
        "coil4": [
            0.04432608187198639,
            0.09340718388557434,
            0.05881577730178833
        ],
        "coil5": [
            0.07571317255496979,
            -0.040383487939834595,
            -0.005561680067330599
        ]
    },
    "HeadCoilCoordinateSystem": "ElektaNeuromag",
    "HeadCoilCoordinateUnits": "m",
    "AnatomicalLandmarkCoordinates": {
        "NAS": [
            0.0,
            0.10152816772460938,
            -1.4901161193847656e-08
        ],
        "LPA": [
            -0.07529982924461365,
            -2.9802322387695312e-08,
            -2.9802322387695312e-08
        ],
        "RPA": [
            0.07201927900314331,
            0.0,
            -1.4901161193847656e-08
        ],
        "coil1": [
            0.01087932288646698,
            -8.416199852945283e-05,
            0.14191628992557526
        ],
        "coil2": [
            -0.07878521084785461,
            -0.04655316472053528,
            -0.0029480899684131145
        ],
        "coil3": [
            -0.0520617850124836,
            0.086331307888031,
            0.06371523439884186
        ],
        "coil4": [
            0.04432608187198639,
            0.09340718388557434,
            0.05881577730178833
        ],
        "coil5": [
            0.07571317255496979,
            -0.040383487939834595,
            -0.005561680067330599
        ]
    },
    "AnatomicalLandmarkCoordinateSystem": "ElektaNeuromag",
    "AnatomicalLandmarkCoordinateUnits": "m"
}
