{
    "MEGCoordinateSystem": "ElektaNeuromag",
    "MEGCoordinateUnits": "m",
    "MEGCoordinateSystemDescription": "RAS orientation and the origin between the ears",
    "HeadCoilCoordinates": {
        "NAS": [
            9.313225746154785e-10,
            0.09156578779220581,
            -1.4901161193847656e-08
        ],
        "LPA": [
            -0.06912366300821304,
            0.0,
            -1.4901161193847656e-08
        ],
        "RPA": [
            0.06447142362594604,
            0.0,
            0.0
        ],
        "coil1": [
            0.052567534148693085,
            0.06840339303016663,
            0.07518567889928818
        ],
        "coil2": [
            -0.0489998497068882,
            0.0713815987110138,
            0.07251143455505371
        ],
        "coil3": [
            0.06578045338392258,
            -0.056343138217926025,
            0.032444242388010025
        ],
        "coil4": [
            -0.002464046934619546,
            -0.023429423570632935,
            0.1334875375032425
        ],
        "coil5": [
            -0.07187767326831818,
            -0.051996082067489624,
            0.030009590089321136
        ]
    },
    "HeadCoilCoordinateSystem": "ElektaNeuromag",
    "HeadCoilCoordinateUnits": "m",
    "AnatomicalLandmarkCoordinates": {
        "NAS": [
            9.313225746154785e-10,
            0.09156578779220581,
            -1.4901161193847656e-08
        ],
        "LPA": [
            -0.06912366300821304,
            0.0,
            -1.4901161193847656e-08
        ],
        "RPA": [
            0.06447142362594604,
            0.0,
            0.0
        ],
        "coil1": [
            0.052567534148693085,
            0.06840339303016663,
            0.07518567889928818
        ],
        "coil2": [
            -0.0489998497068882,
            0.0713815987110138,
            0.07251143455505371
        ],
        "coil3": [
            0.06578045338392258,
            -0.056343138217926025,
            0.032444242388010025
        ],
        "coil4": [
            -0.002464046934619546,
            -0.023429423570632935,
            0.1334875375032425
        ],
        "coil5": [
            -0.07187767326831818,
            -0.051996082067489624,
            0.030009590089321136
        ]
    },
    "AnatomicalLandmarkCoordinateSystem": "ElektaNeuromag",
    "AnatomicalLandmarkCoordinateUnits": "m"
}
