{
    "MEGCoordinateSystem": "ElektaNeuromag",
    "MEGCoordinateUnits": "m",
    "MEGCoordinateSystemDescription": "RAS orientation and the origin between the ears",
    "HeadCoilCoordinates": {
        "NAS": [
            8.381903171539307e-09,
            0.08931705355644226,
            0.0
        ],
        "LPA": [
            -0.06626993417739868,
            0.0,
            0.0
        ],
        "RPA": [
            0.0685683861374855,
            2.9802322387695312e-08,
            0.0
        ],
        "coil1": [
            0.05665645748376846,
            0.0626649558544159,
            0.07435640692710876
        ],
        "coil2": [
            0.0653824731707573,
            -0.06265658140182495,
            0.030492722988128662
        ],
        "coil3": [
            0.0033190888352692127,
            -0.022319316864013672,
            0.13447418808937073
        ],
        "coil4": [
            -0.0448751300573349,
            0.0668996274471283,
            0.08100451529026031
        ],
        "coil5": [
            -0.0695178285241127,
            -0.056384116411209106,
            0.03439408540725708
        ]
    },
    "HeadCoilCoordinateSystem": "ElektaNeuromag",
    "HeadCoilCoordinateUnits": "m",
    "AnatomicalLandmarkCoordinates": {
        "NAS": [
            8.381903171539307e-09,
            0.08931705355644226,
            0.0
        ],
        "LPA": [
            -0.06626993417739868,
            0.0,
            0.0
        ],
        "RPA": [
            0.0685683861374855,
            2.9802322387695312e-08,
            0.0
        ],
        "coil1": [
            0.05665645748376846,
            0.0626649558544159,
            0.07435640692710876
        ],
        "coil2": [
            0.0653824731707573,
            -0.06265658140182495,
            0.030492722988128662
        ],
        "coil3": [
            0.0033190888352692127,
            -0.022319316864013672,
            0.13447418808937073
        ],
        "coil4": [
            -0.0448751300573349,
            0.0668996274471283,
            0.08100451529026031
        ],
        "coil5": [
            -0.0695178285241127,
            -0.056384116411209106,
            0.03439408540725708
        ]
    },
    "AnatomicalLandmarkCoordinateSystem": "ElektaNeuromag",
    "AnatomicalLandmarkCoordinateUnits": "m"
}
