{
    "MEGCoordinateSystem": "ElektaNeuromag",
    "MEGCoordinateUnits": "m",
    "MEGCoordinateSystemDescription": "RAS orientation and the origin between the ears",
    "HeadCoilCoordinates": {
        "NAS": [
            -3.725290298461914e-09,
            0.09298548102378845,
            0.0
        ],
        "LPA": [
            -0.07282065600156784,
            0.0,
            -1.4901161193847656e-08
        ],
        "RPA": [
            0.07360963523387909,
            -2.9802322387695312e-08,
            -1.4901161193847656e-08
        ],
        "coil1": [
            0.05636787414550781,
            0.0662316083908081,
            0.08534976840019226
        ],
        "coil2": [
            0.07207702100276947,
            -0.06583324074745178,
            0.025595903396606445
        ],
        "coil3": [
            0.002991663059219718,
            -0.03725704550743103,
            0.14065106213092804
        ],
        "coil4": [
            -0.04908326268196106,
            0.0641864538192749,
            0.08767232298851013
        ],
        "coil5": [
            -0.07423999905586243,
            -0.06371593475341797,
            0.025794684886932373
        ]
    },
    "HeadCoilCoordinateSystem": "ElektaNeuromag",
    "HeadCoilCoordinateUnits": "m",
    "AnatomicalLandmarkCoordinates": {
        "NAS": [
            -3.725290298461914e-09,
            0.09298548102378845,
            0.0
        ],
        "LPA": [
            -0.07282065600156784,
            0.0,
            -1.4901161193847656e-08
        ],
        "RPA": [
            0.07360963523387909,
            -2.9802322387695312e-08,
            -1.4901161193847656e-08
        ],
        "coil1": [
            0.05636787414550781,
            0.0662316083908081,
            0.08534976840019226
        ],
        "coil2": [
            0.07207702100276947,
            -0.06583324074745178,
            0.025595903396606445
        ],
        "coil3": [
            0.002991663059219718,
            -0.03725704550743103,
            0.14065106213092804
        ],
        "coil4": [
            -0.04908326268196106,
            0.0641864538192749,
            0.08767232298851013
        ],
        "coil5": [
            -0.07423999905586243,
            -0.06371593475341797,
            0.025794684886932373
        ]
    },
    "AnatomicalLandmarkCoordinateSystem": "ElektaNeuromag",
    "AnatomicalLandmarkCoordinateUnits": "m"
}
