{
    "MEGCoordinateSystem": "ElektaNeuromag",
    "MEGCoordinateUnits": "m",
    "MEGCoordinateSystemDescription": "RAS orientation and the origin between the ears",
    "HeadCoilCoordinates": {
        "NAS": [
            1.1292286217212677e-08,
            0.09176790714263916,
            0.0
        ],
        "LPA": [
            -0.0690130665898323,
            0.0,
            1.4901161193847656e-08
        ],
        "RPA": [
            0.06454268097877502,
            2.9802322387695312e-08,
            1.4901161193847656e-08
        ],
        "coil1": [
            0.05148458853363991,
            0.07853949069976807,
            0.07898679375648499
        ],
        "coil2": [
            0.06763067841529846,
            -0.052452921867370605,
            0.051384128630161285
        ],
        "coil3": [
            0.0020283269695937634,
            -0.00814327597618103,
            0.14980098605155945
        ],
        "coil4": [
            -0.05160798504948616,
            0.07726097106933594,
            0.08220291137695312
        ],
        "coil5": [
            -0.06923794001340866,
            -0.05756238102912903,
            0.05752108246088028
        ]
    },
    "HeadCoilCoordinateSystem": "ElektaNeuromag",
    "HeadCoilCoordinateUnits": "m",
    "AnatomicalLandmarkCoordinates": {
        "NAS": [
            1.1292286217212677e-08,
            0.09176790714263916,
            0.0
        ],
        "LPA": [
            -0.0690130665898323,
            0.0,
            1.4901161193847656e-08
        ],
        "RPA": [
            0.06454268097877502,
            2.9802322387695312e-08,
            1.4901161193847656e-08
        ],
        "coil1": [
            0.05148458853363991,
            0.07853949069976807,
            0.07898679375648499
        ],
        "coil2": [
            0.06763067841529846,
            -0.052452921867370605,
            0.051384128630161285
        ],
        "coil3": [
            0.0020283269695937634,
            -0.00814327597618103,
            0.14980098605155945
        ],
        "coil4": [
            -0.05160798504948616,
            0.07726097106933594,
            0.08220291137695312
        ],
        "coil5": [
            -0.06923794001340866,
            -0.05756238102912903,
            0.05752108246088028
        ]
    },
    "AnatomicalLandmarkCoordinateSystem": "ElektaNeuromag",
    "AnatomicalLandmarkCoordinateUnits": "m"
}
