{
    "MEGCoordinateSystem": "ElektaNeuromag",
    "MEGCoordinateUnits": "m",
    "MEGCoordinateSystemDescription": "RAS orientation and the origin between the ears",
    "HeadCoilCoordinates": {
        "NAS": [
            -1.862645149230957e-09,
            0.08985316753387451,
            0.0
        ],
        "LPA": [
            -0.06353166699409485,
            2.9802322387695312e-08,
            1.4901161193847656e-08
        ],
        "RPA": [
            0.06576808542013168,
            2.9802322387695312e-08,
            1.4901161193847656e-08
        ],
        "coil1": [
            0.05061456188559532,
            0.06533151865005493,
            0.0726020336151123
        ],
        "coil2": [
            0.06649079918861389,
            -0.056141823530197144,
            0.03218841552734375
        ],
        "coil3": [
            -0.0008577200351282954,
            -0.02085578255355358,
            0.12975090742111206
        ],
        "coil4": [
            -0.051174432039260864,
            0.06303709745407104,
            0.0697685182094574
        ],
        "coil5": [
            -0.06529633700847626,
            -0.060551077127456665,
            0.03178470581769943
        ]
    },
    "HeadCoilCoordinateSystem": "ElektaNeuromag",
    "HeadCoilCoordinateUnits": "m",
    "AnatomicalLandmarkCoordinates": {
        "NAS": [
            -1.862645149230957e-09,
            0.08985316753387451,
            0.0
        ],
        "LPA": [
            -0.06353166699409485,
            2.9802322387695312e-08,
            1.4901161193847656e-08
        ],
        "RPA": [
            0.06576808542013168,
            2.9802322387695312e-08,
            1.4901161193847656e-08
        ],
        "coil1": [
            0.05061456188559532,
            0.06533151865005493,
            0.0726020336151123
        ],
        "coil2": [
            0.06649079918861389,
            -0.056141823530197144,
            0.03218841552734375
        ],
        "coil3": [
            -0.0008577200351282954,
            -0.02085578255355358,
            0.12975090742111206
        ],
        "coil4": [
            -0.051174432039260864,
            0.06303709745407104,
            0.0697685182094574
        ],
        "coil5": [
            -0.06529633700847626,
            -0.060551077127456665,
            0.03178470581769943
        ]
    },
    "AnatomicalLandmarkCoordinateSystem": "ElektaNeuromag",
    "AnatomicalLandmarkCoordinateUnits": "m"
}
