{
    "MEGCoordinateSystem": "ElektaNeuromag",
    "MEGCoordinateUnits": "m",
    "MEGCoordinateSystemDescription": "RAS orientation and the origin between the ears",
    "HeadCoilCoordinates": {
        "NAS": [
            -6.984919309616089e-09,
            0.09301561117172241,
            0.0
        ],
        "LPA": [
            -0.06396425515413284,
            2.9802322387695312e-08,
            0.0
        ],
        "RPA": [
            0.06835811585187912,
            0.0,
            1.4901161193847656e-08
        ],
        "coil1": [
            0.0531766377389431,
            0.06878355145454407,
            0.07866575568914413
        ],
        "coil2": [
            0.07019877433776855,
            -0.05117294192314148,
            0.027146577835083008
        ],
        "coil3": [
            0.004426638130098581,
            -0.022834986448287964,
            0.12722466886043549
        ],
        "coil4": [
            -0.04960089549422264,
            0.06587487459182739,
            0.08045143634080887
        ],
        "coil5": [
            -0.06235218793153763,
            -0.054918915033340454,
            0.028746120631694794
        ]
    },
    "HeadCoilCoordinateSystem": "ElektaNeuromag",
    "HeadCoilCoordinateUnits": "m",
    "AnatomicalLandmarkCoordinates": {
        "NAS": [
            -6.984919309616089e-09,
            0.09301561117172241,
            0.0
        ],
        "LPA": [
            -0.06396425515413284,
            2.9802322387695312e-08,
            0.0
        ],
        "RPA": [
            0.06835811585187912,
            0.0,
            1.4901161193847656e-08
        ],
        "coil1": [
            0.0531766377389431,
            0.06878355145454407,
            0.07866575568914413
        ],
        "coil2": [
            0.07019877433776855,
            -0.05117294192314148,
            0.027146577835083008
        ],
        "coil3": [
            0.004426638130098581,
            -0.022834986448287964,
            0.12722466886043549
        ],
        "coil4": [
            -0.04960089549422264,
            0.06587487459182739,
            0.08045143634080887
        ],
        "coil5": [
            -0.06235218793153763,
            -0.054918915033340454,
            0.028746120631694794
        ]
    },
    "AnatomicalLandmarkCoordinateSystem": "ElektaNeuromag",
    "AnatomicalLandmarkCoordinateUnits": "m"
}
