{
    "MEGCoordinateSystem": "ElektaNeuromag",
    "MEGCoordinateUnits": "m",
    "MEGCoordinateSystemDescription": "RAS orientation and the origin between the ears",
    "HeadCoilCoordinates": {
        "NAS": [
            3.725290298461914e-09,
            0.1056668758392334,
            0.0
        ],
        "LPA": [
            -0.06847143918275833,
            -2.9802322387695312e-08,
            1.4901161193847656e-08
        ],
        "RPA": [
            0.07252632081508636,
            0.0,
            -1.4901161193847656e-08
        ],
        "coil1": [
            0.05703220143914223,
            0.06477847695350647,
            0.08583837747573853
        ],
        "coil2": [
            -0.04840805009007454,
            0.07022207975387573,
            0.09034347534179688
        ],
        "coil3": [
            -0.000689874985255301,
            -0.03919902443885803,
            0.13388493657112122
        ],
        "coil4": [
            0.0645124688744545,
            -0.0640726387500763,
            0.018727274611592293
        ],
        "coil5": [
            -0.07234423607587814,
            -0.053579747676849365,
            0.018500134348869324
        ]
    },
    "HeadCoilCoordinateSystem": "ElektaNeuromag",
    "HeadCoilCoordinateUnits": "m",
    "AnatomicalLandmarkCoordinates": {
        "NAS": [
            3.725290298461914e-09,
            0.1056668758392334,
            0.0
        ],
        "LPA": [
            -0.06847143918275833,
            -2.9802322387695312e-08,
            1.4901161193847656e-08
        ],
        "RPA": [
            0.07252632081508636,
            0.0,
            -1.4901161193847656e-08
        ],
        "coil1": [
            0.05703220143914223,
            0.06477847695350647,
            0.08583837747573853
        ],
        "coil2": [
            -0.04840805009007454,
            0.07022207975387573,
            0.09034347534179688
        ],
        "coil3": [
            -0.000689874985255301,
            -0.03919902443885803,
            0.13388493657112122
        ],
        "coil4": [
            0.0645124688744545,
            -0.0640726387500763,
            0.018727274611592293
        ],
        "coil5": [
            -0.07234423607587814,
            -0.053579747676849365,
            0.018500134348869324
        ]
    },
    "AnatomicalLandmarkCoordinateSystem": "ElektaNeuromag",
    "AnatomicalLandmarkCoordinateUnits": "m"
}
