{
    "MEGCoordinateSystem": "ElektaNeuromag",
    "MEGCoordinateUnits": "m",
    "MEGCoordinateSystemDescription": "RAS orientation and the origin between the ears",
    "HeadCoilCoordinates": {
        "NAS": [
            -1.862645149230957e-09,
            0.09739047288894653,
            -1.4901161193847656e-08
        ],
        "LPA": [
            -0.06762176752090454,
            -2.9802322387695312e-08,
            0.0
        ],
        "RPA": [
            0.06664861738681793,
            0.0,
            0.0
        ],
        "coil1": [
            0.05673110485076904,
            0.062378138303756714,
            0.07711316645145416
        ],
        "coil2": [
            0.07193668186664581,
            -0.07197487354278564,
            0.02572484128177166
        ],
        "coil3": [
            0.0006787809543311596,
            -0.033382266759872437,
            0.1383453905582428
        ],
        "coil4": [
            -0.04757765308022499,
            0.06867438554763794,
            0.08172532916069031
        ],
        "coil5": [
            -0.0790327861905098,
            -0.06317198276519775,
            0.02778276801109314
        ]
    },
    "HeadCoilCoordinateSystem": "ElektaNeuromag",
    "HeadCoilCoordinateUnits": "m",
    "AnatomicalLandmarkCoordinates": {
        "NAS": [
            -1.862645149230957e-09,
            0.09739047288894653,
            -1.4901161193847656e-08
        ],
        "LPA": [
            -0.06762176752090454,
            -2.9802322387695312e-08,
            0.0
        ],
        "RPA": [
            0.06664861738681793,
            0.0,
            0.0
        ],
        "coil1": [
            0.05673110485076904,
            0.062378138303756714,
            0.07711316645145416
        ],
        "coil2": [
            0.07193668186664581,
            -0.07197487354278564,
            0.02572484128177166
        ],
        "coil3": [
            0.0006787809543311596,
            -0.033382266759872437,
            0.1383453905582428
        ],
        "coil4": [
            -0.04757765308022499,
            0.06867438554763794,
            0.08172532916069031
        ],
        "coil5": [
            -0.0790327861905098,
            -0.06317198276519775,
            0.02778276801109314
        ]
    },
    "AnatomicalLandmarkCoordinateSystem": "ElektaNeuromag",
    "AnatomicalLandmarkCoordinateUnits": "m"
}
