{
    "MEGCoordinateSystem": "ElektaNeuromag",
    "MEGCoordinateUnits": "m",
    "MEGCoordinateSystemDescription": "RAS orientation and the origin between the ears",
    "HeadCoilCoordinates": {
        "NAS": [
            -1.862645149230957e-09,
            0.08905962109565735,
            0.0
        ],
        "LPA": [
            -0.06846621632575989,
            2.9802322387695312e-08,
            0.0
        ],
        "RPA": [
            0.06603296846151352,
            2.9802322387695312e-08,
            1.4901161193847656e-08
        ],
        "coil1": [
            0.05063444375991821,
            0.059146732091903687,
            0.08326505124568939
        ],
        "coil2": [
            0.06867142766714096,
            -0.05479156970977783,
            0.02359338104724884
        ],
        "coil3": [
            0.001862699049524963,
            -0.03607359156012535,
            0.1282687783241272
        ],
        "coil4": [
            -0.0501614511013031,
            0.057060688734054565,
            0.0841762125492096
        ],
        "coil5": [
            -0.06878122687339783,
            -0.05675160884857178,
            0.025979401543736458
        ]
    },
    "HeadCoilCoordinateSystem": "ElektaNeuromag",
    "HeadCoilCoordinateUnits": "m",
    "AnatomicalLandmarkCoordinates": {
        "NAS": [
            -1.862645149230957e-09,
            0.08905962109565735,
            0.0
        ],
        "LPA": [
            -0.06846621632575989,
            2.9802322387695312e-08,
            0.0
        ],
        "RPA": [
            0.06603296846151352,
            2.9802322387695312e-08,
            1.4901161193847656e-08
        ],
        "coil1": [
            0.05063444375991821,
            0.059146732091903687,
            0.08326505124568939
        ],
        "coil2": [
            0.06867142766714096,
            -0.05479156970977783,
            0.02359338104724884
        ],
        "coil3": [
            0.001862699049524963,
            -0.03607359156012535,
            0.1282687783241272
        ],
        "coil4": [
            -0.0501614511013031,
            0.057060688734054565,
            0.0841762125492096
        ],
        "coil5": [
            -0.06878122687339783,
            -0.05675160884857178,
            0.025979401543736458
        ]
    },
    "AnatomicalLandmarkCoordinateSystem": "ElektaNeuromag",
    "AnatomicalLandmarkCoordinateUnits": "m"
}
