{
    "MEGCoordinateSystem": "ElektaNeuromag",
    "MEGCoordinateUnits": "m",
    "MEGCoordinateSystemDescription": "RAS orientation and the origin between the ears",
    "HeadCoilCoordinates": {
        "NAS": [
            0.0,
            0.08820915222167969,
            1.4901161193847656e-08
        ],
        "LPA": [
            -0.065777488052845,
            2.9802322387695312e-08,
            1.4901161193847656e-08
        ],
        "RPA": [
            0.06732345372438431,
            2.9802322387695312e-08,
            1.4901161193847656e-08
        ],
        "coil1": [
            0.049731746315956116,
            0.07454890012741089,
            0.06268417090177536
        ],
        "coil2": [
            -0.050229404121637344,
            0.069538414478302,
            0.06423135101795197
        ],
        "coil3": [
            0.0008985679596662521,
            -0.006267995107918978,
            0.13351939618587494
        ],
        "coil4": [
            0.06670843064785004,
            -0.0530262291431427,
            0.0378335565328598
        ],
        "coil5": [
            -0.06650107353925705,
            -0.05761256814002991,
            0.038222819566726685
        ]
    },
    "HeadCoilCoordinateSystem": "ElektaNeuromag",
    "HeadCoilCoordinateUnits": "m",
    "AnatomicalLandmarkCoordinates": {
        "NAS": [
            0.0,
            0.08820915222167969,
            1.4901161193847656e-08
        ],
        "LPA": [
            -0.065777488052845,
            2.9802322387695312e-08,
            1.4901161193847656e-08
        ],
        "RPA": [
            0.06732345372438431,
            2.9802322387695312e-08,
            1.4901161193847656e-08
        ],
        "coil1": [
            0.049731746315956116,
            0.07454890012741089,
            0.06268417090177536
        ],
        "coil2": [
            -0.050229404121637344,
            0.069538414478302,
            0.06423135101795197
        ],
        "coil3": [
            0.0008985679596662521,
            -0.006267995107918978,
            0.13351939618587494
        ],
        "coil4": [
            0.06670843064785004,
            -0.0530262291431427,
            0.0378335565328598
        ],
        "coil5": [
            -0.06650107353925705,
            -0.05761256814002991,
            0.038222819566726685
        ]
    },
    "AnatomicalLandmarkCoordinateSystem": "ElektaNeuromag",
    "AnatomicalLandmarkCoordinateUnits": "m"
}
