{
    "MEGCoordinateSystem": "ElektaNeuromag",
    "MEGCoordinateUnits": "m",
    "MEGCoordinateSystemDescription": "RAS orientation and the origin between the ears",
    "HeadCoilCoordinates": {
        "NAS": [
            -8.381903171539307e-09,
            0.08624899387359619,
            -1.4901161193847656e-08
        ],
        "LPA": [
            -0.07126843929290771,
            2.9802322387695312e-08,
            -1.4901161193847656e-08
        ],
        "RPA": [
            0.06663346290588379,
            -2.9802322387695312e-08,
            -1.4901161193847656e-08
        ],
        "coil1": [
            0.050680972635746,
            0.0547330416738987,
            0.09192924946546555
        ],
        "coil2": [
            0.06698146462440491,
            -0.055733438581228256,
            0.02430550754070282
        ],
        "coil3": [
            0.0010701309656724334,
            -0.04975390061736107,
            0.1348767876625061
        ],
        "coil4": [
            -0.05127694085240364,
            0.05043250322341919,
            0.09366267174482346
        ],
        "coil5": [
            -0.06984768062829971,
            -0.06110385060310364,
            0.02741760015487671
        ]
    },
    "HeadCoilCoordinateSystem": "ElektaNeuromag",
    "HeadCoilCoordinateUnits": "m",
    "AnatomicalLandmarkCoordinates": {
        "NAS": [
            -8.381903171539307e-09,
            0.08624899387359619,
            -1.4901161193847656e-08
        ],
        "LPA": [
            -0.07126843929290771,
            2.9802322387695312e-08,
            -1.4901161193847656e-08
        ],
        "RPA": [
            0.06663346290588379,
            -2.9802322387695312e-08,
            -1.4901161193847656e-08
        ],
        "coil1": [
            0.050680972635746,
            0.0547330416738987,
            0.09192924946546555
        ],
        "coil2": [
            0.06698146462440491,
            -0.055733438581228256,
            0.02430550754070282
        ],
        "coil3": [
            0.0010701309656724334,
            -0.04975390061736107,
            0.1348767876625061
        ],
        "coil4": [
            -0.05127694085240364,
            0.05043250322341919,
            0.09366267174482346
        ],
        "coil5": [
            -0.06984768062829971,
            -0.06110385060310364,
            0.02741760015487671
        ]
    },
    "AnatomicalLandmarkCoordinateSystem": "ElektaNeuromag",
    "AnatomicalLandmarkCoordinateUnits": "m"
}
