{
    "MEGCoordinateSystem": "ElektaNeuromag",
    "MEGCoordinateUnits": "m",
    "MEGCoordinateSystemDescription": "RAS orientation and the origin between the ears",
    "HeadCoilCoordinates": {
        "NAS": [
            1.862645149230957e-09,
            0.09512889385223389,
            1.4901161193847656e-08
        ],
        "LPA": [
            -0.06489355117082596,
            0.0,
            7.450580596923828e-09
        ],
        "RPA": [
            0.06356891244649887,
            0.0,
            -1.4901161193847656e-08
        ],
        "coil1": [
            0.047420479357242584,
            0.07007521390914917,
            0.07977083325386047
        ],
        "coil2": [
            0.06155619025230408,
            -0.052079468965530396,
            0.03421300649642944
        ],
        "coil3": [
            -0.007423243951052427,
            -0.019825279712677002,
            0.1325119435787201
        ],
        "coil4": [
            -0.05412043258547783,
            0.06892406940460205,
            0.07438158243894577
        ],
        "coil5": [
            -0.06677210330963135,
            -0.05131739377975464,
            0.027213796973228455
        ]
    },
    "HeadCoilCoordinateSystem": "ElektaNeuromag",
    "HeadCoilCoordinateUnits": "m",
    "AnatomicalLandmarkCoordinates": {
        "NAS": [
            1.862645149230957e-09,
            0.09512889385223389,
            1.4901161193847656e-08
        ],
        "LPA": [
            -0.06489355117082596,
            0.0,
            7.450580596923828e-09
        ],
        "RPA": [
            0.06356891244649887,
            0.0,
            -1.4901161193847656e-08
        ],
        "coil1": [
            0.047420479357242584,
            0.07007521390914917,
            0.07977083325386047
        ],
        "coil2": [
            0.06155619025230408,
            -0.052079468965530396,
            0.03421300649642944
        ],
        "coil3": [
            -0.007423243951052427,
            -0.019825279712677002,
            0.1325119435787201
        ],
        "coil4": [
            -0.05412043258547783,
            0.06892406940460205,
            0.07438158243894577
        ],
        "coil5": [
            -0.06677210330963135,
            -0.05131739377975464,
            0.027213796973228455
        ]
    },
    "AnatomicalLandmarkCoordinateSystem": "ElektaNeuromag",
    "AnatomicalLandmarkCoordinateUnits": "m"
}
