{
    "MEGCoordinateSystem": "ElektaNeuromag",
    "MEGCoordinateUnits": "m",
    "MEGCoordinateSystemDescription": "RAS orientation and the origin between the ears",
    "HeadCoilCoordinates": {
        "NAS": [
            -3.725290298461914e-09,
            0.08836081624031067,
            -1.4901161193847656e-08
        ],
        "LPA": [
            -0.0669020563364029,
            0.0,
            1.4901161193847656e-08
        ],
        "RPA": [
            0.07057289779186249,
            0.0,
            1.4901161193847656e-08
        ],
        "coil1": [
            0.05245649442076683,
            0.07299762964248657,
            0.07229866087436676
        ],
        "coil2": [
            -0.048552338033914566,
            0.07544219493865967,
            0.07376882433891296
        ],
        "coil3": [
            0.0009518709848634899,
            -0.011896252632141113,
            0.13799870014190674
        ],
        "coil4": [
            0.07191481441259384,
            -0.05533662438392639,
            0.04562101140618324
        ],
        "coil5": [
            -0.06890697777271271,
            -0.05412977933883667,
            0.04349926859140396
        ]
    },
    "HeadCoilCoordinateSystem": "ElektaNeuromag",
    "HeadCoilCoordinateUnits": "m",
    "AnatomicalLandmarkCoordinates": {
        "NAS": [
            -3.725290298461914e-09,
            0.08836081624031067,
            -1.4901161193847656e-08
        ],
        "LPA": [
            -0.0669020563364029,
            0.0,
            1.4901161193847656e-08
        ],
        "RPA": [
            0.07057289779186249,
            0.0,
            1.4901161193847656e-08
        ],
        "coil1": [
            0.05245649442076683,
            0.07299762964248657,
            0.07229866087436676
        ],
        "coil2": [
            -0.048552338033914566,
            0.07544219493865967,
            0.07376882433891296
        ],
        "coil3": [
            0.0009518709848634899,
            -0.011896252632141113,
            0.13799870014190674
        ],
        "coil4": [
            0.07191481441259384,
            -0.05533662438392639,
            0.04562101140618324
        ],
        "coil5": [
            -0.06890697777271271,
            -0.05412977933883667,
            0.04349926859140396
        ]
    },
    "AnatomicalLandmarkCoordinateSystem": "ElektaNeuromag",
    "AnatomicalLandmarkCoordinateUnits": "m"
}
