{
    "MEGCoordinateSystem": "ElektaNeuromag",
    "MEGCoordinateUnits": "m",
    "MEGCoordinateSystemDescription": "RAS orientation and the origin between the ears",
    "HeadCoilCoordinates": {
        "NAS": [
            -7.450580596923828e-09,
            0.09499937295913696,
            -1.4901161193847656e-08
        ],
        "LPA": [
            -0.0760674849152565,
            -2.9802322387695312e-08,
            -2.9802322387695312e-08
        ],
        "RPA": [
            0.07181835174560547,
            -5.960464477539063e-08,
            -2.9802322387695312e-08
        ],
        "coil1": [
            0.05371598154306412,
            0.04689034819602966,
            0.0962466299533844
        ],
        "coil2": [
            0.06919514387845993,
            -0.0705723688006401,
            0.02262618951499462
        ],
        "coil3": [
            0.0014735700096935034,
            -0.055899471044540405,
            0.13604320585727692
        ],
        "coil4": [
            -0.04497768357396126,
            0.050417665392160416,
            0.10270233452320099
        ],
        "coil5": [
            -0.07690232992172241,
            -0.058542400598526,
            0.02729286439716816
        ]
    },
    "HeadCoilCoordinateSystem": "ElektaNeuromag",
    "HeadCoilCoordinateUnits": "m",
    "AnatomicalLandmarkCoordinates": {
        "NAS": [
            -7.450580596923828e-09,
            0.09499937295913696,
            -1.4901161193847656e-08
        ],
        "LPA": [
            -0.0760674849152565,
            -2.9802322387695312e-08,
            -2.9802322387695312e-08
        ],
        "RPA": [
            0.07181835174560547,
            -5.960464477539063e-08,
            -2.9802322387695312e-08
        ],
        "coil1": [
            0.05371598154306412,
            0.04689034819602966,
            0.0962466299533844
        ],
        "coil2": [
            0.06919514387845993,
            -0.0705723688006401,
            0.02262618951499462
        ],
        "coil3": [
            0.0014735700096935034,
            -0.055899471044540405,
            0.13604320585727692
        ],
        "coil4": [
            -0.04497768357396126,
            0.050417665392160416,
            0.10270233452320099
        ],
        "coil5": [
            -0.07690232992172241,
            -0.058542400598526,
            0.02729286439716816
        ]
    },
    "AnatomicalLandmarkCoordinateSystem": "ElektaNeuromag",
    "AnatomicalLandmarkCoordinateUnits": "m"
}
