{
    "MEGCoordinateSystem": "ElektaNeuromag",
    "MEGCoordinateUnits": "m",
    "MEGCoordinateSystemDescription": "RAS orientation and the origin between the ears",
    "HeadCoilCoordinates": {
        "NAS": [
            -9.313225746154785e-09,
            0.09812504053115845,
            -1.4901161193847656e-08
        ],
        "LPA": [
            -0.07186254113912582,
            0.0,
            -1.4901161193847656e-08
        ],
        "RPA": [
            0.06955216825008392,
            -2.9802322387695312e-08,
            -1.4901161193847656e-08
        ],
        "coil1": [
            0.053124405443668365,
            0.0712544322013855,
            0.07417835295200348
        ],
        "coil2": [
            0.06899997591972351,
            -0.05489590764045715,
            0.03514176607131958
        ],
        "coil3": [
            0.0020468011498451233,
            -0.019286692142486572,
            0.13334107398986816
        ],
        "coil4": [
            -0.04865281283855438,
            0.07333892583847046,
            0.07816971838474274
        ],
        "coil5": [
            -0.07336093485355377,
            -0.052528053522109985,
            0.039610594511032104
        ]
    },
    "HeadCoilCoordinateSystem": "ElektaNeuromag",
    "HeadCoilCoordinateUnits": "m",
    "AnatomicalLandmarkCoordinates": {
        "NAS": [
            -9.313225746154785e-09,
            0.09812504053115845,
            -1.4901161193847656e-08
        ],
        "LPA": [
            -0.07186254113912582,
            0.0,
            -1.4901161193847656e-08
        ],
        "RPA": [
            0.06955216825008392,
            -2.9802322387695312e-08,
            -1.4901161193847656e-08
        ],
        "coil1": [
            0.053124405443668365,
            0.0712544322013855,
            0.07417835295200348
        ],
        "coil2": [
            0.06899997591972351,
            -0.05489590764045715,
            0.03514176607131958
        ],
        "coil3": [
            0.0020468011498451233,
            -0.019286692142486572,
            0.13334107398986816
        ],
        "coil4": [
            -0.04865281283855438,
            0.07333892583847046,
            0.07816971838474274
        ],
        "coil5": [
            -0.07336093485355377,
            -0.052528053522109985,
            0.039610594511032104
        ]
    },
    "AnatomicalLandmarkCoordinateSystem": "ElektaNeuromag",
    "AnatomicalLandmarkCoordinateUnits": "m"
}
