{
    "MEGCoordinateSystem": "ElektaNeuromag",
    "MEGCoordinateUnits": "m",
    "MEGCoordinateSystemDescription": "RAS orientation and the origin between the ears",
    "HeadCoilCoordinates": {
        "NAS": [
            -5.587935447692871e-09,
            0.09678557515144348,
            0.0
        ],
        "LPA": [
            -0.07278995960950851,
            0.0,
            0.0
        ],
        "RPA": [
            0.07395105808973312,
            0.0,
            -1.4901161193847656e-08
        ],
        "coil1": [
            0.05798853933811188,
            0.058691948652267456,
            0.09813950955867767
        ],
        "coil2": [
            0.06926127523183823,
            -0.0658266544342041,
            0.027635695412755013
        ],
        "coil3": [
            -0.004009803757071495,
            -0.04263824224472046,
            0.13712579011917114
        ],
        "coil4": [
            -0.04937034845352173,
            0.06300300359725952,
            0.0989885926246643
        ],
        "coil5": [
            -0.07776463776826859,
            -0.052384793758392334,
            0.025365397334098816
        ]
    },
    "HeadCoilCoordinateSystem": "ElektaNeuromag",
    "HeadCoilCoordinateUnits": "m",
    "AnatomicalLandmarkCoordinates": {
        "NAS": [
            -5.587935447692871e-09,
            0.09678557515144348,
            0.0
        ],
        "LPA": [
            -0.07278995960950851,
            0.0,
            0.0
        ],
        "RPA": [
            0.07395105808973312,
            0.0,
            -1.4901161193847656e-08
        ],
        "coil1": [
            0.05798853933811188,
            0.058691948652267456,
            0.09813950955867767
        ],
        "coil2": [
            0.06926127523183823,
            -0.0658266544342041,
            0.027635695412755013
        ],
        "coil3": [
            -0.004009803757071495,
            -0.04263824224472046,
            0.13712579011917114
        ],
        "coil4": [
            -0.04937034845352173,
            0.06300300359725952,
            0.0989885926246643
        ],
        "coil5": [
            -0.07776463776826859,
            -0.052384793758392334,
            0.025365397334098816
        ]
    },
    "AnatomicalLandmarkCoordinateSystem": "ElektaNeuromag",
    "AnatomicalLandmarkCoordinateUnits": "m"
}
