{
    "MEGCoordinateSystem": "ElektaNeuromag",
    "MEGCoordinateUnits": "m",
    "MEGCoordinateSystemDescription": "RAS orientation and the origin between the ears",
    "HeadCoilCoordinates": {
        "NAS": [
            -1.862645149230957e-09,
            0.09494426846504211,
            0.0
        ],
        "LPA": [
            -0.06479066610336304,
            0.0,
            0.0
        ],
        "RPA": [
            0.06598687171936035,
            0.0,
            0.0
        ],
        "coil1": [
            0.05194883421063423,
            0.07388472557067871,
            0.06890080869197845
        ],
        "coil2": [
            0.06901320070028305,
            -0.05221670866012573,
            0.032945647835731506
        ],
        "coil3": [
            0.004901466891169548,
            -0.014338850975036621,
            0.13375753164291382
        ],
        "coil4": [
            -0.047902174293994904,
            0.07591375708580017,
            0.07362762093544006
        ],
        "coil5": [
            -0.06966681778430939,
            -0.053589820861816406,
            0.04186660796403885
        ]
    },
    "HeadCoilCoordinateSystem": "ElektaNeuromag",
    "HeadCoilCoordinateUnits": "m",
    "AnatomicalLandmarkCoordinates": {
        "NAS": [
            -1.862645149230957e-09,
            0.09494426846504211,
            0.0
        ],
        "LPA": [
            -0.06479066610336304,
            0.0,
            0.0
        ],
        "RPA": [
            0.06598687171936035,
            0.0,
            0.0
        ],
        "coil1": [
            0.05194883421063423,
            0.07388472557067871,
            0.06890080869197845
        ],
        "coil2": [
            0.06901320070028305,
            -0.05221670866012573,
            0.032945647835731506
        ],
        "coil3": [
            0.004901466891169548,
            -0.014338850975036621,
            0.13375753164291382
        ],
        "coil4": [
            -0.047902174293994904,
            0.07591375708580017,
            0.07362762093544006
        ],
        "coil5": [
            -0.06966681778430939,
            -0.053589820861816406,
            0.04186660796403885
        ]
    },
    "AnatomicalLandmarkCoordinateSystem": "ElektaNeuromag",
    "AnatomicalLandmarkCoordinateUnits": "m"
}
