{
    "MEGCoordinateSystem": "ElektaNeuromag",
    "MEGCoordinateUnits": "m",
    "MEGCoordinateSystemDescription": "RAS orientation and the origin between the ears",
    "HeadCoilCoordinates": {
        "NAS": [
            1.862645149230957e-09,
            0.09110638499259949,
            1.4901161193847656e-08
        ],
        "LPA": [
            -0.06743723899126053,
            0.0,
            1.4901161193847656e-08
        ],
        "RPA": [
            0.0667436495423317,
            -2.9802322387695312e-08,
            1.4901161193847656e-08
        ],
        "coil1": [
            0.049985840916633606,
            0.061026692390441895,
            0.08106476813554764
        ],
        "coil2": [
            0.06305012106895447,
            -0.06101398169994354,
            0.03593936562538147
        ],
        "coil3": [
            -0.004870058968663216,
            -0.025941669940948486,
            0.13181422650814056
        ],
        "coil4": [
            -0.050170011818408966,
            0.06369045376777649,
            0.07965536415576935
        ],
        "coil5": [
            -0.07316898554563522,
            -0.05422288179397583,
            0.030402645468711853
        ]
    },
    "HeadCoilCoordinateSystem": "ElektaNeuromag",
    "HeadCoilCoordinateUnits": "m",
    "AnatomicalLandmarkCoordinates": {
        "NAS": [
            1.862645149230957e-09,
            0.09110638499259949,
            1.4901161193847656e-08
        ],
        "LPA": [
            -0.06743723899126053,
            0.0,
            1.4901161193847656e-08
        ],
        "RPA": [
            0.0667436495423317,
            -2.9802322387695312e-08,
            1.4901161193847656e-08
        ],
        "coil1": [
            0.049985840916633606,
            0.061026692390441895,
            0.08106476813554764
        ],
        "coil2": [
            0.06305012106895447,
            -0.06101398169994354,
            0.03593936562538147
        ],
        "coil3": [
            -0.004870058968663216,
            -0.025941669940948486,
            0.13181422650814056
        ],
        "coil4": [
            -0.050170011818408966,
            0.06369045376777649,
            0.07965536415576935
        ],
        "coil5": [
            -0.07316898554563522,
            -0.05422288179397583,
            0.030402645468711853
        ]
    },
    "AnatomicalLandmarkCoordinateSystem": "ElektaNeuromag",
    "AnatomicalLandmarkCoordinateUnits": "m"
}
