{
    "MEGCoordinateSystem": "ElektaNeuromag",
    "MEGCoordinateUnits": "m",
    "MEGCoordinateSystemDescription": "RAS orientation and the origin between the ears",
    "HeadCoilCoordinates": {
        "NAS": [
            3.725290298461914e-09,
            0.09247413277626038,
            0.0
        ],
        "LPA": [
            -0.06859706342220306,
            -2.9802322387695312e-08,
            -1.4901161193847656e-08
        ],
        "RPA": [
            0.06786339730024338,
            0.0,
            -1.4901161193847656e-08
        ],
        "coil1": [
            -0.045172061771154404,
            0.06401783227920532,
            0.08303186297416687
        ],
        "coil2": [
            -0.06798447668552399,
            -0.047313958406448364,
            0.021816186606884003
        ],
        "coil3": [
            -0.002229448175057769,
            -0.03910526633262634,
            0.12798666954040527
        ],
        "coil4": [
            0.05523781105875969,
            0.05796349048614502,
            0.0766238272190094
        ],
        "coil5": [
            0.06228918209671974,
            -0.05467885732650757,
            0.01685681939125061
        ]
    },
    "HeadCoilCoordinateSystem": "ElektaNeuromag",
    "HeadCoilCoordinateUnits": "m",
    "AnatomicalLandmarkCoordinates": {
        "NAS": [
            3.725290298461914e-09,
            0.09247413277626038,
            0.0
        ],
        "LPA": [
            -0.06859706342220306,
            -2.9802322387695312e-08,
            -1.4901161193847656e-08
        ],
        "RPA": [
            0.06786339730024338,
            0.0,
            -1.4901161193847656e-08
        ],
        "coil1": [
            -0.045172061771154404,
            0.06401783227920532,
            0.08303186297416687
        ],
        "coil2": [
            -0.06798447668552399,
            -0.047313958406448364,
            0.021816186606884003
        ],
        "coil3": [
            -0.002229448175057769,
            -0.03910526633262634,
            0.12798666954040527
        ],
        "coil4": [
            0.05523781105875969,
            0.05796349048614502,
            0.0766238272190094
        ],
        "coil5": [
            0.06228918209671974,
            -0.05467885732650757,
            0.01685681939125061
        ]
    },
    "AnatomicalLandmarkCoordinateSystem": "ElektaNeuromag",
    "AnatomicalLandmarkCoordinateUnits": "m"
}
